"id","password"
"u00100","1a28c23a378c8d07521e8b7901701c01"
"suzuki_h","0087fd3c7eb8a57304eeae2eb7f4682e"
"sato_i","4a7bd5b721090a95e7d43ced3e919145"
"yamada_y","f0e2816a5a87de5c3c2361692d55a93f"
"watanabe_m","1b4e429d2772839911c710d9a8adca10"
"inoue_d","c4d38367c5f3ea3e560e1df1e6dbf8c1"
"kimura_m","fa06601340983506a6ba66d164094788"
"saito_k","9b3c2b6b1c97b629c2f2ff9e1405e013"
"takahashi_m","51dc3ec5575be7ec1753cb86681d53b1"
"nakamura_y","b36d5b3149d76b7cb9236be92e67397f"
"yoshida_a","779a5a43c64b3d3411c67341c1663b8d"
"weak_password","9dbb300e28bc21c8dab41b01883918eb"
